<?xml version="1.0"?>
<!--
/**
 * CedCommerce
 *
 * NOTICE OF LICENSE
 *
 * This source file is subject to the End User License Agreement (EULA)
 * that is bundled with this package in the file LICENSE.txt.
 * It is also available through the world-wide-web at this URL:
 * http://cedcommerce.com/license-agreement.txt
 *
 * @category    Ced
 * @package     Ced_CsDeal
 * @author      CedCommerce Core Team <connect@cedcommerce.com>
 * @copyright   Copyright CedCommerce (http://cedcommerce.com/)
 * @license     http://cedcommerce.com/license-agreement.txt
 */
-->
<config xmlns:xsi="http://www.w3.org/2001/XMLSchema-instance" xsi:noNamespaceSchemaLocation="../../../../Magento/Config/etc/system_file.xsd">
    <system>
	
		<section id="ced_csmarketplace">
            			
			<group id="general" translate="label" type="text" sortOrder="1" showInDefault="1" showInWebsite="1" showInStore="0">
				<field id="enable_deal" translate="label" type="select" sortOrder="1" showInDefault="1" showInWebsite="1" showInStore="0">
					<label>Enable Vendor Deal</label>
					<config_path>ced_csmarketplace/csdeal/enable</config_path>
					<source_model>Magento\Config\Model\Config\Source\Yesno</source_model>
				</field>				
			</group>
			
			<group id="csdeal" translate="label" type="text" sortOrder="20" showInDefault="1" showInWebsite="1" showInStore="0">
				<label>Vender Deals Setting</label>
				<!-- <field id="csdeal_show" translate="label" type="select" sortOrder="2" showInDefault="1" showInWebsite="1" showInStore="0">
					<label>Show Deals On:</label>
					<source_model>Ced\CsDeal\Model\Listi</source_model>
				</field>
				<field id="csdeal_timer" translate="label" type="select" sortOrder="3" showInDefault="1" showInWebsite="1" showInStore="0">
					<label>Show Timer On:</label>
					<source_model>Ced\CsDeal\Model\Listi</source_model>
				</field> -->
				<field id="csdeal_approval" translate="label" type="select" sortOrder="4" showInDefault="1" showInWebsite="1" showInStore="0">
					<label>Need Approval</label>
					<source_model>Magento\Config\Model\Config\Source\Yesno</source_model>
				</field>
				<field id="csdeal_default_text" translate="label" type="text" sortOrder="5" showInDefault="1" showInWebsite="1" showInStore="0">
					<label>Default Deal Text</label>
				</field>
			</group>
		</section>
	</system>
</config>
