<?xml version="1.0"?>
<!--
/**
 * CedCommerce
 *
 * NOTICE OF LICENSE
 *
 * This source file is subject to the End User License Agreement (EULA)
 * that is bundled with this package in the file LICENSE.txt.
 * It is also available through the world-wide-web at this URL:
 * http://cedcommerce.com/license-agreement.txt
 *
 * @category    Ced
 * @package     Ced_CsMarketplace
 * @author      CedCommerce Core Team <connect@cedcommerce.com>
 * @copyright   Copyright CedCommerce (http://cedcommerce.com/)
 * @license      http://cedcommerce.com/license-agreement.txt
 */
-->
<view xmlns:xsi="http://www.w3.org/2001/XMLSchema-instance" xsi:noNamespaceSchemaLocation="urn:magento:framework:Config/etc/view.xsd">
    <vars module="Magento_Catalog">
        <var name="product_small_image_sidebar_size">100</var>  <!-- Override for small product image -->
        <var name="product_base_image_size">275</var>           <!-- Override for base product image -->
        <var name="product_base_image_icon_size">48</var>       <!-- Base product image icon size -->

        <var name="product_list_image_size">166</var>           <!-- New Product image size used in product list -->
        <var name="product_zoom_image_size">370</var>           <!-- New Product image size used for zooming -->

        <var name="product_image_white_borders">0</var>

        <var name="review_page_product_image:type">small_image</var>
        <var name="review_page_product_image:width">285</var>
        <var name="review_page_product_image:ratio">1</var>
        <var name="review_page_product_image:height">285</var>

        <var name="customer_account_product_review_page:type">image</var>
        <var name="customer_account_product_review_page:width">285</var>
        <var name="customer_account_product_review_page:ratio">1</var>
        <var name="customer_account_product_review_page:height">285</var>

        <var name="category_page_list:type">small_image</var>
        <var name="category_page_list:width">240</var>
        <var name="category_page_list:ratio">0.8</var>
        <var name="category_page_list:height">300</var>

        <var name="category_page_grid:type">small_image</var>
        <var name="category_page_grid:width">240</var>
        <var name="category_page_grid:ratio">0.8</var>
        <var name="category_page_grid:height">300</var>

        <var name="category_page_grid-1:type">small_image</var>
        <var name="category_page_grid-1:width">240</var>
        <var name="category_page_grid-1:ratio">0.8</var>
        <var name="category_page_grid-1:height">300</var>

        <var name="product_comparison_list:type">small_image</var>
        <var name="product_comparison_list:width">140</var>
        <var name="product_comparison_list:ratio">1</var>
        <var name="product_comparison_list:height">140</var>

        <var name="related_products_list:type">small_image</var>
        <var name="related_products_list:width">152</var>
        <var name="related_products_list:ratio">0.8</var>
        <var name="related_products_list:height">190</var>

        <var name="upsell_products_list:type">small_image</var>
        <var name="upsell_products_list:width">152</var>
        <var name="upsell_products_list:ratio">0.8</var>
        <var name="upsell_products_list:height">190</var>

        <var name="product_page_main_image:type">image</var>
        <var name="product_page_main_image:width">560</var>
        <var name="product_page_main_image:ratio">0.8</var>
        <var name="product_page_main_image:height">700</var>

        <var name="product_page_main_image_default:type">image</var>
        <var name="product_page_main_image_default:width">560</var>
        <var name="product_page_main_image_default:ratio">0.8</var>
        <var name="product_page_main_image_default:height">700</var>

        <var name="product_page_more_views:type">thumbnail</var>
        <var name="product_page_more_views:width">88</var>
        <var name="product_page_more_views:ratio">0.8</var>
        <var name="product_page_more_views:height">110</var>

        <var name="side_column_widget_product_thumbnail:type">thumbnail</var>
        <var name="side_column_widget_product_thumbnail:width">75</var>
        <var name="side_column_widget_product_thumbnail:ratio">0.8</var>
        <var name="side_column_widget_product_thumbnail:height">90</var>

        <var name="new_products_content_widget_list:type">small_image</var>
        <var name="new_products_content_widget_list:width">270</var>
        <var name="new_products_content_widget_list:ratio">0.8</var>
        <var name="new_products_content_widget_list:height">340</var>

        <var name="new_products_content_widget_grid:type">small_image</var>
        <var name="new_products_content_widget_grid:width">240</var>
        <var name="new_products_content_widget_grid:ratio">0.8</var>
        <var name="new_products_content_widget_grid:height">300</var>

        <var name="recently_compared_products_images_names_widget:type">thumbnail</var>
        <var name="recently_compared_products_images_names_widget:width">75</var>
        <var name="recently_compared_products_images_names_widget:ratio">0.8</var>
        <var name="recently_compared_products_images_names_widget:height">90</var>

        <var name="recently_viewed_products_images_names_widget:type">small_image</var>
        <var name="recently_viewed_products_images_names_widget:width">75</var>
        <var name="recently_viewed_products_images_names_widget:ratio">0.8</var>
        <var name="recently_viewed_products_images_names_widget:height">90</var>

        <var name="recently_compared_products_images_only_widget:type">thumbnail</var>
        <var name="recently_compared_products_images_only_widget:width">76</var>
        <var name="recently_compared_products_images_only_widget:ratio">1</var>
        <var name="recently_compared_products_images_only_widget:height">76</var>

        <var name="recently_viewed_products_images_only_widget:type">small_image</var>
        <var name="recently_viewed_products_images_only_widget:width">76</var>
        <var name="recently_viewed_products_images_only_widget:ratio">1</var>
        <var name="recently_viewed_products_images_only_widget:height">76</var>

        <var name="bundled_product_customization_page:type">thumbnail</var>
        <var name="bundled_product_customization_page:width">140</var>
        <var name="bundled_product_customization_page:ratio">1</var>
        <var name="bundled_product_customization_page:height">140</var>

        <var name="recently_compared_products_grid_content_widget:type">small_image</var>
        <var name="recently_compared_products_grid_content_widget:width">240</var>
        <var name="recently_compared_products_grid_content_widget:ratio">0.8</var>
        <var name="recently_compared_products_grid_content_widget:height">300</var>

        <var name="recently_compared_products_list_content_widget:type">small_image</var>
        <var name="recently_compared_products_list_content_widget:width">270</var>
        <var name="recently_compared_products_list_content_widget:ratio">0.8</var>
        <var name="recently_compared_products_list_content_widget:height">340</var>

        <var name="recently_viewed_products_grid_content_widget:type">small_image</var>
        <var name="recently_viewed_products_grid_content_widget:width">240</var>
        <var name="recently_viewed_products_grid_content_widget:ratio">0.8</var>
        <var name="recently_viewed_products_grid_content_widget:height">300</var>

        <var name="recently_viewed_products_list_content_widget:type">small_image</var>
        <var name="recently_viewed_products_list_content_widget:width">270</var>
        <var name="recently_viewed_products_list_content_widget:ratio">0.8</var>
        <var name="recently_viewed_products_list_content_widget:height">340</var>

        <var name="customer_shared_wishlist:type">small_image</var>
        <var name="customer_shared_wishlist:width">113</var>
        <var name="customer_shared_wishlist:ratio">1</var>
        <var name="customer_shared_wishlist:height">113</var>

        <var name="wishlist_thumbnail:type">small_image</var>
        <var name="wishlist_thumbnail:width">240</var>
        <var name="wishlist_thumbnail:ratio">0.8</var>
        <var name="wishlist_thumbnail:height">300</var>

        <var name="wishlist_sidebar_block:type">thumbnail</var>
        <var name="wishlist_sidebar_block:width">75</var>
        <var name="wishlist_sidebar_block:ratio">0.8</var>
        <var name="wishlist_sidebar_block:height">90</var>

        <var name="shared_wishlist_email:type">small_image</var>
        <var name="shared_wishlist_email:width">135</var>
        <var name="shared_wishlist_email:ratio">1</var>
        <var name="shared_wishlist_email:height">135</var>

        <var name="customer_account_my_tags_tag_view:type">small_image</var>
        <var name="customer_account_my_tags_tag_view:width">100</var>
        <var name="customer_account_my_tags_tag_view:ratio">1</var>
        <var name="customer_account_my_tags_tag_view:height">100</var>

        <var name="cart_cross_sell_products:type">thumbnail</var>
        <var name="cart_cross_sell_products:width">200</var>
        <var name="cart_cross_sell_products:ratio">1</var>
        <var name="cart_cross_sell_products:height">248</var>

        <var name="gift_messages_checkout_thumbnail:type">thumbnail</var>
        <var name="gift_messages_checkout_thumbnail:width">100</var>
        <var name="gift_messages_checkout_thumbnail:ratio">1</var>
        <var name="gift_messages_checkout_thumbnail:height">100</var>

        <var name="gift_messages_checkout_small_image:type">small_image</var>
        <var name="gift_messages_checkout_small_image:width">75</var>
        <var name="gift_messages_checkout_small_image:ratio">1</var>
        <var name="gift_messages_checkout_small_image:height">75</var>

        <var name="mini_cart_product_thumbnail:type">thumbnail</var>
        <var name="mini_cart_product_thumbnail:width">75</var>
        <var name="mini_cart_product_thumbnail:ratio">1</var>
        <var name="mini_cart_product_thumbnail:height">75</var>

        <var name="new_products_images_only_widget:type">small_image</var>
        <var name="new_products_images_only_widget:width">78</var>
        <var name="new_products_images_only_widget:ratio">1</var>
        <var name="new_products_images_only_widget:height">78</var>

        <var name="cart_page_product_thumbnail:type">small_image</var>
        <var name="cart_page_product_thumbnail:width">165</var>
        <var name="cart_page_product_thumbnail:ratio">1</var>
        <var name="cart_page_product_thumbnail:height">165</var>

        <var name="product_stock_alert_email_product_image:type">small_image</var>
        <var name="product_stock_alert_email_product_image:width">76</var>
        <var name="product_stock_alert_email_product_image:ratio">1</var>
        <var name="product_stock_alert_email_product_image:height">76</var>

        <var name="swatch_image:width">30</var>
        <var name="swatch_image:ratio">0.8</var>
        <var name="swatch_image:height">20</var>

        <var name="swatch_thumb:width">110</var>
        <var name="swatch_thumb:ratio">0.8</var>
        <var name="swatch_thumb:height">90</var>
    </vars>
    <vars module="Magento_Bundle">
        <var name="product_summary_image_size">58</var>         <!-- New Product image size used for summary block-->
    </vars>
    <vars module="Js_Bundle">
        <var name="bundle_size">1MB</var>
    </vars>
    <exclude>
        <item type="file">Lib::jquery/jquery-ui-1.9.2.js</item>
        <item type="file">Lib::jquery/jquery.ba-hashchange.min.js</item>
        <item type="file">Lib::jquery/jquery.details.js</item>
        <item type="file">Lib::jquery/jquery.details.min.js</item>
        <item type="file">Lib::jquery/jquery.hoverIntent.js</item>
        <item type="file">Lib::jquery/jquery.min.js</item>
        <item type="file">Lib::mage/captcha.js</item>
        <item type="file">Lib::mage/dropdown_old.js</item>
        <item type="file">Lib::mage/list.js</item>
        <item type="file">Lib::mage/loader_old.js</item>
        <item type="file">Lib::mage/webapi.js</item>
        <item type="file">Lib::moment.js</item>
        <item type="file">Lib::requirejs/require.js</item>
        <item type="file">Lib::date-format-normalizer.js</item>
        <item type="file">Lib::legacy-build.min.js</item>
        <item type="directory">Lib::modernizr</item>
        <item type="directory">Lib::tiny_mce</item>
        <item type="directory">Lib::varien</item>
        <item type="directory">Lib::jquery/editableMultiselect</item>
        <item type="directory">Lib::jquery/jstree</item>
        <item type="directory">Lib::jquery/fileUploader</item>
        <item type="directory">Lib::css</item>
        <item type="directory">Lib::lib</item>
        <item type="directory">Lib::extjs</item>
        <item type="directory">Lib::prototype</item>
        <item type="directory">Lib::scriptaculous</item>
        <item type="directory">Lib::mage/requirejs</item>
        <item type="directory">Lib::mage/adminhtml</item>
        <item type="directory">Lib::mage/backend</item>
    </exclude>
</view>
