<?xml version="1.0"?>
<!--
/**
 * CedCommerce
 *
 * NOTICE OF LICENSE
 *
 * This source file is subject to the End User License Agreement (EULA)
 * that is bundled with this package in the file LICENSE.txt.
 * It is also available through the world-wide-web at this URL:
 * https://cedcommerce.com/license-agreement.txt
 *
 * @category    Ced
 * @package     Ced_CsMarketplace
 * @author 		CedCommerce Core Team <connect@cedcommerce.com>
 * @copyright   Copyright CedCommerce (https://cedcommerce.com/)
 * @license      https://cedcommerce.com/license-agreement.txt
 */
-->

<config xmlns:xsi="http://www.w3.org/2001/XMLSchema-instance" xsi:noNamespaceSchemaLocation="urn:magento:framework:ObjectManager/etc/config.xsd">
    <type name="Magento\Framework\Notification\MessageList">
        <arguments>
            <argument name="messages" xsi:type="array">
                <item name="pending_products" xsi:type="string">Ced\CsMarketplace\Model\System\Message\PendingProducts</item>
                <item name="pending_vendors" xsi:type="string">Ced\CsMarketplace\Model\System\Message\PendingVendors</item>
            </argument>
        </arguments>
    </type>
    <preference for="Magento\Customer\Controller\Adminhtml\Index\Save" type="Ced\CsMarketplace\Controller\Adminhtml\Index\Save" />
    <type name="Magento\Sales\Block\Adminhtml\Order\View">
        <plugin name="ced_csmarketplace_order_view_block"
                type="Ced\CsMarketplace\Plugin\Block\Adminhtml\Order\View"
                sortOrder="10"
                disabled="false" />
    </type>
    <type name="Magento\Sales\Block\Adminhtml\Order\Invoice\Create\Form">
        <plugin name="ced_csmarketplace_invoice_create_form_block"
                type="Ced\CsMarketplace\Plugin\Block\Adminhtml\Order\Invoice\Create\Form"
                sortOrder="10"
                disabled="false" />
    </type>
    <type name="Magento\Sales\Block\Adminhtml\Order\Invoice\Create\Items">
        <plugin name="ced_csmarketplace_invoice_create_items_block"
                type="Ced\CsMarketplace\Plugin\Block\Adminhtml\Order\Invoice\Create\Items"
                sortOrder="10"
                disabled="false" />
    </type>
    <type name="Magento\Sales\Model\Service\InvoiceService">
        <plugin name="ced_csmarketplace_sales_model_service_invoice_service"
                type="Ced\CsMarketplace\Plugin\Model\Service\InvoiceService"
                sortOrder="10"
                disabled="false" />
    </type>
</config>
