<?xml version="1.0" encoding="UTF-8"?>
<!--
/**
 * CedCommerce
 *
 * NOTICE OF LICENSE
 *
 * This source file is subject to the End User License Agreement (EULA)
 * that is bundled with this package in the file LICENSE.txt.
 * It is also available through the world-wide-web at this URL:
 * https://cedcommerce.com/license-agreement.txt
 *
 * @category    Ced
 * @package     Ced_CsMarketplace
 * @author      CedCommerce Core Team <connect@cedcommerce.com>
 * @copyright   Copyright CedCommerce (https://cedcommerce.com/)
 * @license     https://cedcommerce.com/license-agreement.txt
 */
-->
<config xmlns:xsi="http://www.w3.org/2001/XMLSchema-instance" xsi:noNamespaceSchemaLocation="urn:magento:framework:Event/etc/events.xsd">
    <event name="controller_action_catalog_product_save_entity_after">
    	<observer name="controller_action_catalog_product_save_entity_after_cedcommerce" instance="Ced\CsMarketplace\Observer\Productedit" />
    </event>
    <event name="controller_action_postdispatch_catalog_product_massStatus">
        <observer name="Ced_CsMarketplace_Controller_Action_Postdispatch_Adminhtml_Catalog_Product_MassStatus" instance="Ced\CsMarketplace\Observer\SaveStatusChange" shared="false" />
    </event>
    <event name="controller_action_postdispatch_catalog_product_action_attribute_save">
        <observer name="Ced_CsMarketplace_Controller_Action_Postdispatch_Adminhtml_Catalog_Product_Action_Attribute_Save" instance="Ced\CsMarketplace\Observer\SaveVproductAttributesData" shared="false" />
    </event>
</config>