<?xml version="1.0"?>
<config xmlns:xsi="http://www.w3.org/2001/XMLSchema-instance" xsi:noNamespaceSchemaLocation="../../../../Magento/Config/etc/system_file.xsd">
    <system>
		<section id="ced_csmarketplace" translate="label" type="text" sortOrder="10" showInDefault="1" showInWebsite="1" showInStore="0">
			<group id="csmultishipping" translate="label" type="text" sortOrder="20" showInDefault="1" showInWebsite="1" showInStore="0">
					<field id="csfedexshipping" translate="label" type="select" sortOrder="16" showInDefault="1" showInWebsite="1" showInStore="0">
                    <label>Enable Vendor Fedex Shipping</label>
                    <config_path>ced_csfedexshipping/general/active</config_path>
                    <source_model>Magento\Config\Model\Config\Source\Yesno</source_model>
                    <comment>Before enabling this please enable Fedex Shipping for admin</comment>
                </field>
			</group>
        </section>
	</system>
</config>
