<?xml version="1.0"?>
<!--
/**
 * CedCommerce
 *
 * NOTICE OF LICENSE
 *
 * This source file is subject to the End User License Agreement (EULA)
 * that is bundled with this package in the file LICENSE.txt.
 * It is also available through the world-wide-web at this URL:
 * https://cedcommerce.com/license-agreement.txt
 *
 * @category    Ced
 * @package     Ced_CsMarketplace
 * @author      CedCommerce Core Team <connect@cedcommerce.com>
 * @copyright   Copyright CedCommerce (https://cedcommerce.com/)
 * @license     https://cedcommerce.com/license-agreement.txt
 */
-->
<config xmlns:xsi="http://www.w3.org/2001/XMLSchema-instance" xsi:noNamespaceSchemaLocation="urn:magento:framework:Acl/etc/acl.xsd">
    <acl>
        <resources>
            <resource id="Magento_Backend::admin">
                 <resource id="Ced_CsMarketplace::csmarketplace" title="CsMarketplace" sortOrder="30">
                    <resource id="Ced_CsMarketplace::manage_vendor" title="Manage Vendors" sortOrder="10">
                        <resource id="Ced_CsMarketplace::managevendor" title="Manage Vendors" sortOrder="10" />
                    </resource>
                    <resource id="Ced_CsMarketplace::vendor_product" title="Vendor Products" sortOrder="20">
                        <resource id="Ced_CsMarketplace::vendorpending_product" title="Pending Products" sortOrder="10" />
                        <resource id="Ced_CsMarketplace::vendorapproved_product" title="Approved Products" sortOrder="10" />
                        <resource id="Ced_CsMarketplace::vendorall_product" title="All Products" sortOrder="10" />
                    </resource>
                    <resource id="Ced_CsMarketplace::managevendor_order" title="Vendor Orders" sortOrder="30">
                        <resource id="Ced_CsMarketplace::vendor_order" title="Vendor Orders" sortOrder="10" />
                    </resource>
                    <resource id="Ced_CsMarketplace::managevendor_transaction" title="Vendor Transactions" sortOrder="40">
                        <resource id="Ced_CsMarketplace::vendor_transaction" title="Vendor Transactions" sortOrder="10" />
                    </resource>
                    <resource id="Ced_CsMarketplace::managevendor_configuration" title="Vendor Configuration" sortOrder="50">
                        <resource id="Ced_CsMarketplace::vendor_configuration" title="Vendor Configuration" sortOrder="10" />
                    </resource>
                </resource>
                <resource id="Magento_Backend::stores">
                    <resource id="Magento_Backend::stores_settings">
                        <resource id="Magento_Config::config">
							<resource id="Ced_CsMarketplace::cedcore" title="CedCommerce Installed Extensions" />
                            <resource id="Ced_CsMarketplace::ced_csmarketplace" title="CedCommerce MarketPlace" />
                        </resource>
                    </resource>
                </resource>
            </resource>
        </resources>
    </acl>
</config>