<?xml version="1.0"?>
<!--
/**
 * CedCommerce
 *
 * NOTICE OF LICENSE
 *
 * This source file is subject to the End User License Agreement (EULA)
 * that is bundled with this package in the file LICENSE.txt.
 * It is also available through the world-wide-web at this URL:
 * https://cedcommerce.com/license-agreement.txt
 *
 * @category    Ced
 * @package     Ced_CsMarketplace
 * @author      CedCommerce Core Team <connect@cedcommerce.com>
 * @copyright   Copyright CedCommerce (https://cedcommerce.com/)
 * @license     https://cedcommerce.com/license-agreement.txt
 */
-->
<config xmlns:xsi="http://www.w3.org/2001/XMLSchema-instance" xsi:noNamespaceSchemaLocation="urn:magento:module:Magento_Cron:etc/crontab.xsd">
    <group id="default">
        <job name="ced_csmarketplace_feed" instance="Ced\CsMarketplace\Model\Feed"
             method="invoke">
            <schedule>0 * * * *</schedule>
        </job>
        <job name="ced_csmarketplace_check_license" instance="Ced\CsMarketplace\Block\Adminhtml\Extensions\Details"
             method="checkLicense">
            <schedule>0 * * * *</schedule>
        </job>
        <job name="ced_csmarketplace_clear_nofifications" instance="Ced\CsMarketplace\Helper\Data"
             method="deleteOldNotifications">
            <schedule>0 * * * *</schedule>
        </job>
        <job name="ced_csmarketplace_product_mail_to_admin" instance="Ced\CsMarketplace\Helper\Mail"
             method="sendProductMailToAdmin">
            <schedule>0 0 * * *</schedule>
        </job>
    </group>
</config>