<?xml version="1.0"?>
<!--
/**
 * CedCommerce
 *
 * NOTICE OF LICENSE
 *
 * This source file is subject to the End User License Agreement (EULA)
 * that is bundled with this package in the file LICENSE.txt.
 * It is also available through the world-wide-web at this URL:
 * https://cedcommerce.com/license-agreement.txt
 *
 * @category    Ced
 * @package     Ced_CsMarketplace
 * @author      CedCommerce Core Team <connect@cedcommerce.com>
 * @copyright   Copyright CedCommerce (https://cedcommerce.com/)
 * @license     https://cedcommerce.com/license-agreement.txt
 */
-->
<config xmlns:xsi="http://www.w3.org/2001/XMLSchema-instance" xsi:noNamespaceSchemaLocation="urn:magento:framework:Event/etc/events.xsd">
	<event name="sales_quote_item_set_product">
        <observer name="ced_csMarketplace_sales_quote_item_set_product" instance="Ced\CsMarketplace\Observer\SalesQuoteItemSetVendorId" shared="false" />
    </event>
	<event name="sales_model_service_quote_submit_before">
        <observer name="ced_csMarketplace_sales_model_service_quote_submit_before" instance="Ced\CsMarketplace\Observer\SalesModelServiceQuoteSubmitBeforeObserver" shared="false" />
    </event>
	<event name="sales_order_save_after">
        <observer name="vendor_sales_order_save_after" instance="Ced\CsMarketplace\Observer\SetVendorSalesOrder" shared="false" />
		<observer name="Ced_CsMarketplace_Order_Creditmemo_Refund" instance="Ced\CsMarketplace\Observer\OrderCreditmemoRefund" shared="false" />
	</event>
	<event name="order_cancel_after">
        <observer name="Ced_CsMarketplace_Order_Cancel_After" instance="Ced\CsMarketplace\Observer\OrderCancelAfter" shared="false" />
    </event>
	 <event name="customer_save_before">
       <observer name="csmarketplace_vendor_customer_save_before" instance="Ced\CsMarketplace\Observer\SetEmail" />
    </event>
	<event name="sales_order_invoice_save_after">
        <observer name="Ced_CsMarketplace_Sales_Order_Invoice_Save_After" instance="Ced\CsMarketplace\Observer\ChangeOrderPaymentState" shared="false" />
    </event>
    <event name="csmarketplace_vendor_new_product_creation">
       <observer name="csmarketplace_vendor_new_product_creation" instance="Ced\CsMarketplace\Observer\ChangeNewProductStatus" />
    </event>
    <event name="checkout_submit_all_after">
        <observer name="csmarketplace_create_vendor_wise_invoice" instance="Ced\CsMarketplace\Observer\CreateMultipleInvoice" shared="false" />
    </event>
</config>
