<?xml version="1.0"?>
<!--
/**
 * CedCommerce
 *
 * NOTICE OF LICENSE
 *
 * This source file is subject to the End User License Agreement (EULA)
 * that is bundled with this package in the file LICENSE.txt.
 * It is also available through the world-wide-web at this URL:
 * https://cedcommerce.com/license-agreement.txt
 *
 * @category    Ced
 * @package     Ced_CsMarketplace
 * @author      CedCommerce Core Team <connect@cedcommerce.com>
 * @copyright   Copyright CedCommerce (https://cedcommerce.com/)
 * @license     https://cedcommerce.com/license-agreement.txt
 */
-->
<config xmlns:xsi="http://www.w3.org/2001/XMLSchema-instance"
        xsi:noNamespaceSchemaLocation="urn:magento:framework:DataObject/etc/fieldset.xsd">
    <scope id="global">
        <fieldset id="quote_convert_item">
            <field name="vendor_id">
                <aspect name="to_order_item" />
            </field>
        </fieldset>
		<fieldset id="sales_convert_order_item">
            <field name="vendor_id">
                <aspect name="to_quote_item"  />
				<aspect name="to_invoice_item"  />
				<aspect name="to_shipment_item"  />
				<aspect name="to_cm_item" />
            </field>
        </fieldset>
    </scope>
</config>
