<?xml version="1.0"?>
<!--
/**
 * CedCommerce
 *
 * NOTICE OF LICENSE
 *
 * This source file is subject to the End User License Agreement (EULA)
 * that is bundled with this package in the file LICENSE.txt.
 * It is also available through the world-wide-web at this URL:
 * https://cedcommerce.com/license-agreement.txt
 *
 * @category    Ced
 * @package     Ced_CsMarketplace
 * @author      CedCommerce Core Team <connect@cedcommerce.com>
 * @copyright   Copyright CedCommerce (https://cedcommerce.com/)
 * @license     https://cedcommerce.com/license-agreement.txt
 */
-->
<config xmlns:xsi="http://www.w3.org/2001/XMLSchema-instance"
		xsi:noNamespaceSchemaLocation="urn:magento:framework:Module/etc/module.xsd">
    <module name="Ced_CsMarketplace" schema_version="2.0.2"
			release_version="3.0.0" setup_version="2.0.7"
			parent_product_name="M2 Marketplace" >
    	<sequence>
			<module name="Magento_Customer"/>
			<module name="Magento_Backend"/>
			<module name="Magento_Braintree"/>
			<module name="Magento_Catalog"/>
			<module name="Magento_CatalogInventory"/>
			<module name="Magento_Checkout"/>
			<module name="Magento_ConfigurableProduct"/>
			<module name="Magento_CustomerImportExport"/>
			<module name="Magento_Newsletter"/>
			<module name="Magento_Paypal"/>
			<module name="Magento_Quote"/>
			<module name="Magento_Reports"/>
			<module name="Magento_Review"/>
			<module name="Magento_Rule"/>
			<module name="Magento_Sales"/>
			<module name="Magento_SalesRule"/>
			<module name="Magento_Shipping"/>
			<module name="Magento_Tax"/>
			<module name="Magento_Ups"/>
			<module name="Magento_Webapi"/>
        </sequence></module>
</config>
