<?xml version="1.0"?>
<!--
/**
 * Copyright © 2016 Magento. All rights reserved.
 * See COPYING.txt for license details.
 */
-->
<config xmlns:xsi="http://www.w3.org/2001/XMLSchema-instance" xsi:noNamespaceSchemaLocation="urn:magento:framework:Acl/etc/acl.xsd">
    <acl>
        <resources>
            <resource id="Magento_Backend::admin">
                <resource id="Ced_CsDeal::view" title="Vendor Deals" translate="title" sortOrder="30">
                    <resource id="Ced_CsDeal::grid" title="Vendor Deals" sortOrder="10" />
                </resource>
            </resource>
        </resources>
    </acl>
</config>
