<?xml version="1.0"?>
<!--
/**
 * CedCommerce
 *
 * NOTICE OF LICENSE
 *
 * This source file is subject to the End User License Agreement (EULA)
 * that is bundled with this package in the file LICENSE.txt.
 * It is also available through the world-wide-web at this URL:
 * http://cedcommerce.com/license-agreement.txt
 *
 * @category    Ced
 * @package     Ced_CsDeal
 * @author      CedCommerce Core Team <connect@cedcommerce.com>
 * @copyright   Copyright CedCommerce (http://cedcommerce.com/)
 * @license     http://cedcommerce.com/license-agreement.txt
 */
-->
<config xmlns:xsi="http://www.w3.org/2001/XMLSchema-instance" xsi:noNamespaceSchemaLocation="urn:magento:framework:Event/etc/events.xsd">
    <event name="controller_action_predispatch_ced_csdeal_create">
        <observer name="controller_action_predispatch_ced_csdeal_create" instance="Ced\CsDeal\Observer\Updatedealproduct" shared="false" />
    </event> 
    
    <event name="controller_action_predispatch_ced_csdeal_delete">
        <observer name="controller_action_predispatch_ced_csdeal_delete" instance="Ced\CsDeal\Observer\Deletedealproduct" shared="false" />
    </event> 
    
     <event name="catalog_product_save_after">
        <observer name="catalog_product_save_after" instance="Ced\CsDeal\Observer\Productsaveafter" shared="false" />
    </event>  
    
  	<event name="catalog_product_delete_after_done">
        <observer name="catalog_product_delete_after_done" instance="Ced\CsDeal\Observer\Deleteproduct" shared="false" />
    </event> 
    
    <!-- <event name="view_block_abstract_to_html_before">
        <observer name="view_block_abstract_to_html_before" instance="Ced\CsDeal\Observer\Insertdealblock" shared="false" />
    </event>    -->
</config>



