<config xmlns:xsi="http://www.w3.org/2001/XMLSchema-instance" xsi:noNamespaceSchemaLocation="urn:magento:framework:Acl/etc/acl.xsd">
    <acl>
        <resources>
            <resource id="Magento_Backend::admin">
                <resource id="Ced_CsMarketplace::csmarketplace">
                    <resource id="Ced_CsCmsPage::vendor_cms" title="Vendor CMS" sortOrder="100">
                        <resource id="Ced_CsCmsPage::manage_vendor_cms" title="Manage Vendor CMS" sortOrder="200"/>
                        <resource id="Ced_CsCmsPage::manage_vendor_block" title="Manage Vendor Blocks" sortOrder="300"/>
                    </resource>
                </resource>
            </resource>
        </resources>
    </acl>
</config>