<?xml version="1.0"?>
<!--
/**
 * CedCommerce
  *
  * NOTICE OF LICENSE
  *
  * This source file is subject to the End User License Agreement (EULA)
  * that is bundled with this package in the file LICENSE.txt.
  * It is also available through the world-wide-web at this URL:
  * http://cedcommerce.com/license-agreement.txt
  *
  * @category  Ced
  * @package   Ced_CsVendorReview
  * @author    CedCommerce Core Team <connect@cedcommerce.com >
  * @copyright Copyright CEDCOMMERCE (http://cedcommerce.com/)
  * @license      http://cedcommerce.com/license-agreement.txt
  */

-->
<config xmlns:xsi="http://www.w3.org/2001/XMLSchema-instance" xsi:noNamespaceSchemaLocation="urn:magento:framework:Acl/etc/acl.xsd">
    <acl>
        <resources>
            <resource id="Magento_Backend::admin">
            	<resource id="Ced_CsMarketplace::csmarketplace" title="CsMarketplace" sortOrder="30">
	                 <resource id="Ced_CsVendorReview::vendor_review" title="Vendor Review and Rating" sortOrder="90">
	                 	 <resource id="Ced_CsVendorReview::manage_review" title="Manage Review" sortOrder="10">
	                        <resource id="Ced_CsVendorReview::vendors_review" title="Manage Review" sortOrder="10" />
	                    </resource>
	                    <resource id="Ced_CsVendorReview::manage_rating" title="Manage Rating" sortOrder="20">
	                        <resource id="Ced_CsVendorReview::vendors_rating" title="Manage Rating" sortOrder="20" />
	                    </resource>                   
	          		 </resource>
          		</resource>
          	</resource>
        </resources>        
    </acl>
</config>