<?xml version="1.0"?>
<!-- /**
 * CedCommerce
  *
  * NOTICE OF LICENSE
  *
  * This source file is subject to the End User License Agreement (EULA)
  * that is bundled with this package in the file LICENSE.txt.
  * It is also available through the world-wide-web at this URL:
  * http://cedcommerce.com/license-agreement.txt
  *
  * @category    Ced
  * @package     Ced_Rewardsystem
  * @author   	 CedCommerce Core Team <connect@cedcommerce.com >
  * @copyright   Copyright CEDCOMMERCE (http://cedcommerce.com/)
  * @license      http://cedcommerce.com/license-agreement.txt
  */ -->
<config xmlns:xsi="http://www.w3.org/2001/XMLSchema-instance" xsi:noNamespaceSchemaLocation="urn:magento:module:Magento_Cron:etc/cron_groups.xsd">
    <group id="birthday_reward">
        <schedule_generate_every>1</schedule_generate_every>
        <schedule_ahead_for>4</schedule_ahead_for>
        <schedule_lifetime>2</schedule_lifetime>
        <history_cleanup_every>10</history_cleanup_every>
        <history_success_lifetime>60</history_success_lifetime>
        <history_failure_lifetime>600</history_failure_lifetime>
        <use_separate_process>1</use_separate_process>
    </group>
</config>