<?xml version="1.0"?>
<!-- /**
 * CedCommerce
  *
  * NOTICE OF LICENSE
  *
  * This source file is subject to the End User License Agreement (EULA)
  * that is bundled with this package in the file LICENSE.txt.
  * It is also available through the world-wide-web at this URL:
  * http://cedcommerce.com/license-agreement.txt
  *
  * @category    Ced
  * @package     Ced_Rewardsystem
  * @author   	 CedCommerce Core Team <connect@cedcommerce.com >
  * @copyright   Copyright CEDCOMMERCE (http://cedcommerce.com/)
  * @license      http://cedcommerce.com/license-agreement.txt
  */ -->
<config xmlns:xsi="http://www.w3.org/2001/XMLSchema-instance" xsi:noNamespaceSchemaLocation="urn:magento:framework:Event/etc/events.xsd">
     <event name="sales_order_save_after">
        <observer name="user_order_rewardpoint_save" instance="Ced\Rewardsystem\Observer\Saveorderpoint" />
    </event>
    
    <!--<event name="customer_register_success">
        <observer name="regisuserpoint" instance="Ced\Rewardsystem\Observer\Assignregisuserpoint"/>
    </event>-->
     <event name="sales_order_invoice_save_after">
        <observer name="user_order_rewardpoint_invoice" instance="Ced\Rewardsystem\Observer\ChangeStatus" />
    </event>
     <event name="sales_order_shipment_save_after">
        <observer name="user_order_rewardpoint_shipment" instance="Ced\Rewardsystem\Observer\ChangeOrderStatus" />
    </event>
     <event name="order_cancel_after">
        <observer name="user_order_rewardpoint_cancel" instance="Ced\Rewardsystem\Observer\CancelOrder" />
    </event>
     <event name="admin_system_config_changed_section_reward">
        <observer name="cedreward_admin_system_config_changed_section_reward" instance="Ced\Rewardsystem\Observer\ConfigObserver"/>
    </event>
     <event name="sales_model_service_quote_submit_before">
        <observer name="ced_rewardpoint" instance="Ced\Rewardsystem\Observer\SalesEventQuoteSubmitBeforeObserver" shared="false" />
    </event>
</config>