<?xml version="1.0"?>
<!-- /**
 * CedCommerce
  *
  * NOTICE OF LICENSE
  *
  * This source file is subject to the End User License Agreement (EULA)
  * that is bundled with this package in the file LICENSE.txt.
  * It is also available through the world-wide-web at this URL:
  * http://cedcommerce.com/license-agreement.txt
  *
  * @category    Ced
  * @package     Ced_Rewardsystem
  * @author   	 CedCommerce Core Team <connect@cedcommerce.com >
  * @copyright   Copyright CEDCOMMERCE (http://cedcommerce.com/)
  * @license      http://cedcommerce.com/license-agreement.txt
  */ -->
<config xmlns:xsi="http://www.w3.org/2001/XMLSchema-instance" xsi:noNamespaceSchemaLocation="urn:magento:framework:Module/etc/module.xsd">
  <module name="Ced_Rewardsystem"  schema_version="2.0.5" setup_version="2.0.4" release_version="2.0.9">
   <sequence>
            <module name="Magento_checkout"/>
            <module name="Magento_Catalog"/>
            <module name="Magento_Sales"/>
            <module name="Magento_Quote"/>
    </sequence>
  </module>
</config>
