<?xml version="1.0"?>
<!--
/**
 * CedCommerce
 *
 * NOTICE OF LICENSE
 *
 * This source file is subject to the End User License Agreement (EULA)
 * that is bundled with this package in the file LICENSE.txt.
 * It is also available through the world-wide-web at this URL:
 * https://cedcommerce.com/license-agreement.txt
 *
 * @category    Ced
 * @package     Ced_Advertisement
 * @author      CedCommerce Core Team <connect@cedcommerce.com>
 * @copyright   Copyright CedCommerce (https://cedcommerce.com/)
 * @license      https://cedcommerce.com/license-agreement.txt
 */
-->
<config xmlns:xsi="http://www.w3.org/2001/XMLSchema-instance"
        xsi:noNamespaceSchemaLocation="urn:magento:framework:ObjectManager/etc/config.xsd">
    <preference for="Magento\Checkout\CustomerData\Cart" type="Ced\Advertisement\CustomerData\Cart"/>
    <preference for="Magento\Sales\Block\Order\History" type="Ced\Advertisement\Block\Order\History"/>
    <type name="Magento\Checkout\Model\CompositeConfigProvider">
        <arguments>
            <argument name="configProviders" xsi:type="array">
                <item name="slider_block_config_provider" xsi:type="object">Ced\Advertisement\Model\SliderConfigProvider</item>
            </argument>
        </arguments>
    </type>
    <type name="Magento\Framework\View\Element\Html\Links">
        <plugin name="ced_advertisement_view_element_html_links"
            type="Ced\Advertisement\Plugin\View\Element\Html\Links"
            sortOrder="10"
            disabled="false"/>
    </type>
</config>