<?xml version="1.0"?>
<!-- /**
 * CedCommerce
  *
  * NOTICE OF LICENSE
  *
  * This source file is subject to the End User License Agreement (EULA)
  * that is bundled with this package in the file LICENSE.txt.
  * It is also available through the world-wide-web at this URL:
  * http://cedcommerce.com/license-agreement.txt
  *
  * @category    Ced
  * @package     Ced_Rewardsystem
  * @author   	 CedCommerce Core Team <connect@cedcommerce.com >
  * @copyright   Copyright CEDCOMMERCE (http://cedcommerce.com/)
  * @license      http://cedcommerce.com/license-agreement.txt
  */  -->
<config xmlns:xsi="http://www.w3.org/2001/XMLSchema-instance" xsi:noNamespaceSchemaLocation="urn:magento:framework:Event/etc/events.xsd">
    
     <event name="checkout_cart_add_product_complete">
        <observer name="user_reward_addtocart" instance="Ced\Rewardsystem\Observer\Rewardaddtocart"/>
    </event>
     <event name="sales_order_place_after">
        <observer name="user_order_rewardpoint_save" instance="Ced\Rewardsystem\Observer\Saveorderpoint" />
    </event>
    <event name="sales_order_shipment_save_after">
        <observer name="user_order_rewardpoint_shipment" instance="Ced\Rewardsystem\Observer\ChangeOrderStatus" />
    </event>
</config>