<?xml version="1.0"?>
<!--
/**
 * CedCommerce
  *
  * NOTICE OF LICENSE
  *
  * This source file is subject to the End User License Agreement (EULA)
  * that is bundled with this package in the file LICENSE.txt.
  * It is also available through the world-wide-web at this URL:
  * http://cedcommerce.com/license-agreement.txt
  *
  * @category  Ced
  * @package   Ced_CsVendorReview
  * @author    CedCommerce Core Team <connect@cedcommerce.com >
  * @copyright Copyright CEDCOMMERCE (http://cedcommerce.com/)
  * @license      http://cedcommerce.com/license-agreement.txt
  */

-->
<config xmlns:xsi="http://www.w3.org/2001/XMLSchema-instance" xsi:noNamespaceSchemaLocation="urn:magento:module:Magento_Config:etc/system_file.xsd">
    <system>
        
        <section id="ced_csmarketplace" translate="label" type="text" sortOrder="10" showInDefault="1" showInWebsite="1" showInStore="1">
            
             <group id="vendorreview" translate="label" type="text" sortOrder="1" showInDefault="1" showInWebsite="1" showInStore="1">
                <label>Vendor Review And Rating</label>
				<field id="activation" translate="label" type="select" sortOrder="1" showInDefault="1" showInWebsite="1" showInStore="1">
                    <label>Enable Vendor Review System</label>
                    <source_model>Magento\Config\Model\Config\Source\Yesno</source_model>
                </field> 
                <field id="vendorapprval" translate="label" type="select" sortOrder="2" showInDefault="1" showInWebsite="1" showInStore="1">
                    <label>Admin Approval Required</label>
                    <source_model>Magento\Config\Model\Config\Source\Yesno</source_model>
                </field> 
                <field id="purchase_enable" translate="label" type="select" sortOrder="3" showInDefault="1" showInWebsite="1" showInStore="1">
                    <label>Allow Customer To Rate Vendor Only If They Have Purchased Vendor's Product</label>
                    <source_model>Magento\Config\Model\Config\Source\Yesno</source_model>
                    <config_path>ced_csmarketplace/vendorreview/purchase_enable</config_path>
                </field>              
            </group>
        </section>
    </system>
</config>
